date	session_id	skill	event_type	detail	severity
2026-03-16	ses_001	enterprise-frontend	success	editorial design system with Tailwind CSS 4, Framer Motion reveals, serif typography — all pages accepted first pass as "looks fantastic"	low
2026-03-16	ses_001	frontend-design	success	editorial-expressive aesthetic with Cormorant Garamond + Geist Sans, terracotta accents, glass cards — user approved without changes	low
2026-03-16	ses_001	enterprise-deployment	success	VPS deployment via SCP/SSH to Hetzner worked first try, all endpoints verified	low
2026-03-16	ses_001	enterprise-backend	success	chat API system prompt rewrite, email template content fixes — no corrections needed	low
2026-03-16	ses_001	content-marketing	gap	no skill covered honest startup positioning, content credibility audit, or copywriting for solo-founder messaging — built audit framework ad-hoc	high
2026-03-16	ses_001	enterprise-frontend	correction	admin page initially missed editorial typography update — user had to explicitly request it after VPS deployment	medium
2026-03-16	ses_001	enterprise-deployment	correction	initially attempted to include .env in deployment — user corrected "the env on vps is correct.. do not overwrite it"	medium
2026-03-16	ses_001	copywriting	skill_change	added content-credibility-audit.md reference for solo-founder/small-team content auditing; updated description triggers	medium
2026-03-16	ses_001	enterprise-deployment	skill_change	added remote .env protection section to environment-management.md reference	medium
2026-03-16	ses_001	enterprise-frontend	skill_change	added admin/internal page consistency checklist to Design System section	medium
